Workbook

Sheet Read Me
A1: COMPASS CMP - User Acceptance Testing
A2: Build under test | B2: Branch sprint-3/breach-and-correction, commit 833b58f - 8 October 2026 (pack version 1.6)
A3: Retired case IDs | B3: RGT-19 (a correction nobody carried out cannot close as Complete) - correction is no longer a kind of rights request. Other IDs keep their numbers.
A4: Read first | B4: COMPASS-CMP-UAT-Runbook-and-Test-Cases.docx, Part A (the runbook). It explains the system, the accounts, the test outbox for one-time codes, and how to record results.
A5: Where to record results | B5: Test Cases sheet: one row per case - fill in Tester, Date, Status, Actual result / notes, Defect IDs. Test Steps sheet: optional, one row per step, for a failed or complex case. Defect Log: one row per defect.
A6: Cells you fill in | B6: Only the pale yellow cells. Everything else is the test definition - do not edit it; tell the coordinator if a step is wrong.
A7: Status values | B7: Not run (default), Pass, Fail, Blocked - choose from the drop-down. The Summary sheet counts them.
A8: Severity values | B8: Critical, High, Medium, Low - see the runbook, section 7.
A9: Staff password | B9: SeedPassw0rd!2026 for every staff account (see the Accounts sheet).
A10: Console / portal | B10: Staff console http://localhost:3000 - Data principal portal http://localhost:3001
A11: Example of a filled result row
A12: Columns | B12: Tester | Date | Status | Actual result / notes | Defect IDs
A13: Example values | B13: Tester 07 (Ravi) | 25-Sep-2026 | Fail | Step 4: toast read "Saved" instead of "Processor updated". Screenshot DEF-003.png | DEF-003

Sheet Summary
A1: UAT progress
A2: Counts come from the Status column of the Test Cases sheet and update as it is filled in.
A4: Area | B4: Cases | C4: Pass | D4: Fail | E4: Blocked | F4: Not run | G4: % executed | H4: % passed
A5: Access and accounts | B5: =COUNTIFS('Test Cases'!$B$2:$B$157,$A5) | C5: =COUNTIFS('Test Cases'!$B$2:$B$157,$A5,'Test Cases'!$P$2:$P$157,"Pass") | D5: =COUNTIFS('Test Cases'!$B$2:$B$157,$A5,'Test Cases'!$P$2:$P$157,"Fail") | E5: =COUNTIFS('Test Cases'!$B$2:$B$157,$A5,'Test Cases'!$P$2:$P$157,"Blocked") | F5: =COUNTIFS('Test Cases'!$B$2:$B$157,$A5,'Test Cases'!$P$2:$P$157,"Not run") | G5: =IFERROR((C5+D5+E5)/B5,0) | H5: =IFERROR(C5/B5,0)
A6: Registry and administration | B6: =COUNTIFS('Test Cases'!$B$2:$B$157,$A6) | C6: =COUNTIFS('Test Cases'!$B$2:$B$157,$A6,'Test Cases'!$P$2:$P$157,"Pass") | D6: =COUNTIFS('Test Cases'!$B$2:$B$157,$A6,'Test Cases'!$P$2:$P$157,"Fail") | E6: =COUNTIFS('Test Cases'!$B$2:$B$157,$A6,'Test Cases'!$P$2:$P$157,"Blocked") | F6: =COUNTIFS('Test Cases'!$B$2:$B$157,$A6,'Test Cases'!$P$2:$P$157,"Not run") | G6: =IFERROR((C6+D6+E6)/B6,0) | H6: =IFERROR(C6/B6,0)
A7: Projects, notices and links | B7: =COUNTIFS('Test Cases'!$B$2:$B$157,$A7) | C7: =COUNTIFS('Test Cases'!$B$2:$B$157,$A7,'Test Cases'!$P$2:$P$157,"Pass") | D7: =COUNTIFS('Test Cases'!$B$2:$B$157,$A7,'Test Cases'!$P$2:$P$157,"Fail") | E7: =COUNTIFS('Test Cases'!$B$2:$B$157,$A7,'Test Cases'!$P$2:$P$157,"Blocked") | F7: =COUNTIFS('Test Cases'!$B$2:$B$157,$A7,'Test Cases'!$P$2:$P$157,"Not run") | G7: =IFERROR((C7+D7+E7)/B7,0) | H7: =IFERROR(C7/B7,0)
A8: Consent and data exchange | B8: =COUNTIFS('Test Cases'!$B$2:$B$157,$A8) | C8: =COUNTIFS('Test Cases'!$B$2:$B$157,$A8,'Test Cases'!$P$2:$P$157,"Pass") | D8: =COUNTIFS('Test Cases'!$B$2:$B$157,$A8,'Test Cases'!$P$2:$P$157,"Fail") | E8: =COUNTIFS('Test Cases'!$B$2:$B$157,$A8,'Test Cases'!$P$2:$P$157,"Blocked") | F8: =COUNTIFS('Test Cases'!$B$2:$B$157,$A8,'Test Cases'!$P$2:$P$157,"Not run") | G8: =IFERROR((C8+D8+E8)/B8,0) | H8: =IFERROR(C8/B8,0)
A9: Rights requests | B9: =COUNTIFS('Test Cases'!$B$2:$B$157,$A9) | C9: =COUNTIFS('Test Cases'!$B$2:$B$157,$A9,'Test Cases'!$P$2:$P$157,"Pass") | D9: =COUNTIFS('Test Cases'!$B$2:$B$157,$A9,'Test Cases'!$P$2:$P$157,"Fail") | E9: =COUNTIFS('Test Cases'!$B$2:$B$157,$A9,'Test Cases'!$P$2:$P$157,"Blocked") | F9: =COUNTIFS('Test Cases'!$B$2:$B$157,$A9,'Test Cases'!$P$2:$P$157,"Not run") | G9: =IFERROR((C9+D9+E9)/B9,0) | H9: =IFERROR(C9/B9,0)
A10: Breach and incidents | B10: =COUNTIFS('Test Cases'!$B$2:$B$157,$A10) | C10: =COUNTIFS('Test Cases'!$B$2:$B$157,$A10,'Test Cases'!$P$2:$P$157,"Pass") | D10: =COUNTIFS('Test Cases'!$B$2:$B$157,$A10,'Test Cases'!$P$2:$P$157,"Fail") | E10: =COUNTIFS('Test Cases'!$B$2:$B$157,$A10,'Test Cases'!$P$2:$P$157,"Blocked") | F10: =COUNTIFS('Test Cases'!$B$2:$B$157,$A10,'Test Cases'!$P$2:$P$157,"Not run") | G10: =IFERROR((C10+D10+E10)/B10,0) | H10: =IFERROR(C10/B10,0)
A11: Oversight and audit | B11: =COUNTIFS('Test Cases'!$B$2:$B$157,$A11) | C11: =COUNTIFS('Test Cases'!$B$2:$B$157,$A11,'Test Cases'!$P$2:$P$157,"Pass") | D11: =COUNTIFS('Test Cases'!$B$2:$B$157,$A11,'Test Cases'!$P$2:$P$157,"Fail") | E11: =COUNTIFS('Test Cases'!$B$2:$B$157,$A11,'Test Cases'!$P$2:$P$157,"Blocked") | F11: =COUNTIFS('Test Cases'!$B$2:$B$157,$A11,'Test Cases'!$P$2:$P$157,"Not run") | G11: =IFERROR((C11+D11+E11)/B11,0) | H11: =IFERROR(C11/B11,0)
A12: All areas | B12: =SUM(B5:B11) | C12: =SUM(C5:C11) | D12: =SUM(D5:D11) | E12: =SUM(E5:E11) | F12: =SUM(F5:F11) | G12: =IFERROR((C12+D12+E12)/B12,0) | H12: =IFERROR(C12/B12,0)
A13: High priority only | B13: =COUNTIFS('Test Cases'!$F$2:$F$157,"High") | C13: =COUNTIFS('Test Cases'!$F$2:$F$157,"High",'Test Cases'!$P$2:$P$157,"Pass") | D13: =COUNTIFS('Test Cases'!$F$2:$F$157,"High",'Test Cases'!$P$2:$P$157,"Fail") | E13: =COUNTIFS('Test Cases'!$F$2:$F$157,"High",'Test Cases'!$P$2:$P$157,"Blocked") | F13: =COUNTIFS('Test Cases'!$F$2:$F$157,"High",'Test Cases'!$P$2:$P$157,"Not run") | G13: =IFERROR((C13+D13+E13)/B13,0) | H13: =IFERROR(C13/B13,0)
A15: Open defects by severity
A16: Severity | B16: Open | C16: All raised
A17: Critical | B17: =COUNTIFS('Defect Log'!$E$3:$E$201,$A17,'Defect Log'!$L$3:$L$201,"<>Closed",'Defect Log'!$L$3:$L$201,"<>Rejected") | C17: =COUNTIFS('Defect Log'!$E$3:$E$201,$A17)
A18: High | B18: =COUNTIFS('Defect Log'!$E$3:$E$201,$A18,'Defect Log'!$L$3:$L$201,"<>Closed",'Defect Log'!$L$3:$L$201,"<>Rejected") | C18: =COUNTIFS('Defect Log'!$E$3:$E$201,$A18)
A19: Medium | B19: =COUNTIFS('Defect Log'!$E$3:$E$201,$A19,'Defect Log'!$L$3:$L$201,"<>Closed",'Defect Log'!$L$3:$L$201,"<>Rejected") | C19: =COUNTIFS('Defect Log'!$E$3:$E$201,$A19)
A20: Low | B20: =COUNTIFS('Defect Log'!$E$3:$E$201,$A20,'Defect Log'!$L$3:$L$201,"<>Closed",'Defect Log'!$L$3:$L$201,"<>Rejected") | C20: =COUNTIFS('Defect Log'!$E$3:$E$201,$A20)
A22: Row 2 of the Defect Log is the example and is not counted. Acceptance: every High-priority case passes and no Critical or High defect is open.

Sheet Test Cases
A1: ID | B1: Area | C1: Title | D1: Feature | E1: Performed by | F1: Priority | G1: Type | H1: Ref | I1: Preconditions | J1: Test data | K1: Steps | L1: Expected results | M1: Pass criteria | N1: Tester | O1: Date | P1: Status | Q1: Actual result / notes | R1: Defect IDs
A2: ACC-01 | B2: Access and accounts | C2: Sign in to the console with password and email code | D2: Staff sign-in and second factor | E2: DPO on console | F2: High | G2: Positive | H2: Core | I2: - The console is running at http://localhost:3000. - Use a fresh private/incognito browser window in which nobody is signed in to the console or the portal (both sites share one sign-in on this machine). - The test coordinator can read the test outbox. | J2: - Email or username: dpo@cmp.local - Password: SeedPassw0rd!2026 | K2: 1. Open http://localhost:3000 in the browser. 2. Type dpo@cmp.local in 'Email or username' and SeedPassw0rd!2026 in 'Password', then click 'Sign in'. 3. Without typing a code, look at the 'Verify and continue' button. Then type only 3 digits into '6-digit code'. 4. Ask the test coordinator for the code sent to dpo@cmp.local (from the test outbox). Clear the box, type the six-digit code into '6-digit code' and click 'Verify and continue'. Do this within 5 minutes of step 2. 5. Look at the top right of the header. 6. Look at the left-hand sidebar. | L2: 1. You are taken to the page headed 'Sign in' with the text 'Sign in with your password, then the code sent to your email.' It shows the fields 'Email or username' and 'Password', a 'Sign in' button, a 'Forgotten your password?' link and, at the bottom, the links 'Read the help manual' and 'Go to the consent portal'. In this test environment (development codes switched on) a folded panel 'Development accounts (<n>)' also sits under 'Forgotten your password?': opened, it lists the seed logins still on the seed password, each with a 'Use' button that fills the form. It is for development only - do not use it in this case; type the details. 2. The page changes to 'Verify it is you' with the text 'Your role requires a second factor. We have sent a 6-digit code to your registered email.' There is a '6-digit code' box, a 'Verify and continue' button, a 'Send a new code' link and a 'Start over' link. 3. 'Verify and continue' stays greyed out (disabled) until exactly six digits are entered. Letters typed into the box are ignored. 4. You are signed in and land on the Dashboard. The page heading reads 'Good day, Priya', and beside it are the buttons 'Log an incident' and 'New notice template'. 5. The header shows the name 'Priya Menon' with a 'DPO' role badge and the initials 'PM'. 6. The sidebar starts with the group 'Your work' - 'Dashboard', 'Rights requests', 'Breaches', 'My tasks', 'Projects', 'Notices' - followed by the groups Governance, Consent, Registry, Data movement and Oversight. Under Oversight there are 'Audit trail', 'Users', 'Delegations' and 'Message templates'. 'My profile' is not in the sidebar (it is in the account menu under your name at the top right), and notifications open from the bell in the header. A 'Sign out' button is at the bottom of the sidebar. | M2: The DPO can sign in only after entering both the password and the emailed six-digit code, and then lands on the dashboard greeted by first name with the DPO role shown. | P2: Not run
A3: ACC-02 | B3: Access and accounts | C3: Check each staff role lands on its own dashboard and menu | D3: Role-based landing page and navigation | E3: DCO and Administrator on console | F3: Medium | G3: Positive | H3: Core | I3: - A fresh private/incognito browser window with nobody signed in. - The test coordinator can read the test outbox. | J3: - DCO: dco@cmp.local (Arun Shetty) - Administrator: admin@cmp.local (System Admin) - Password for both: SeedPassw0rd!2026 | K3: 1. Open http://localhost:3000/sign-in. Type dco@cmp.local in 'Email or username' and SeedPassw0rd!2026 in 'Password' and click 'Sign in'. 2. Ask the test coordinator for the code sent to dco@cmp.local (from the test outbox), type it into '6-digit code' and click 'Verify and continue'. 3. Read the sidebar menu from top to bottom. 4. In the address bar, open http://localhost:3000/users. 5. Click 'Sign out' at the bottom of the sidebar. 6. Sign in as admin@cmp.local with SeedPassw0rd!2026, then enter the code the test coordinator gives you for admin@cmp.local (from the test outbox) and click 'Verify and continue'. 7. Read the sidebar menu. 8. Click 'Sign out'. | L3: 1. The 'Verify it is you' page appears: the DCO also needs the second factor. 2. The Dashboard opens with the heading 'Good day, Arun'. The header shows 'Arun Shetty' with the role badge 'Data Collection Owner'. No 'Log an incident', 'Register a project' or 'Provision an account' button is shown beside the heading: a collection role starts nothing from the dashboard. 3. The menu shows exactly: Your work - Dashboard, My projects, Collection sites, Consent links, My tasks, Collections; Consent - Consents; Registry - Data sources; Data movement - Exports, Imports; Oversight - Delegations. There is no 'Approval documents', 'Notices', 'Purposes', 'Audit trail', 'Users' or 'Message templates'. 4. The users register is not shown. The sidebar stays, and the page shows a notice titled 'Not part of your account' reading 'This section belongs to a different role, so there is nothing here for you.' with a 'Back to your dashboard' button. 5. You are returned to the 'Sign in' page. 6. The Dashboard opens with the heading 'Good day, System'. The header shows 'System Admin' with the role badge 'Administrator'. A 'Provision an account' button sits beside the heading. 7. The menu shows: Your work - Dashboard, Users, Grievances about the DPO, Message templates, Processors, Data sources, Audit trail; Oversight - Delegations; You - My tasks. There is no 'Projects', 'Consents' or 'Consent links'. The rights item is labelled 'Grievances about the DPO', not 'Rights requests'. 8. You are returned to the 'Sign in' page. | M3: Each role sees only the menu items for its role after sign-in, and the header shows the correct name and role badge. | P3: Not run
A4: ACC-03 | B4: Access and accounts | C4: Refuse a wrong password without saying which part was wrong | D4: Staff sign-in - failed attempts | E4: Staff user on console | F4: High | G4: Negative | H4: Core | I4: - A fresh private/incognito browser window with nobody signed in. - Do not make more than 3 wrong attempts on dpo@cmp.local in this case: 5 wrong attempts in 30 minutes lock the account (see ACC-05). | J4: - Real account: dpo@cmp.local with wrong password WrongPassword!1 - Account that does not exist: nobody-here@cmp.local with password SeedPassw0rd!2026 - Data principal (has no password): subject@cmp.local with password SeedPassw0rd!2026 | K4: 1. Open http://localhost:3000/sign-in and click 'Sign in' without typing anything. 2. Type dpo@cmp.local in 'Email or username' and WrongPassword!1 in 'Password'. Click 'Sign in'. 3. Change 'Email or username' to nobody-here@cmp.local, type SeedPassw0rd!2026 in 'Password' and click 'Sign in'. 4. Change 'Email or username' to subject@cmp.local, type SeedPassw0rd!2026 in 'Password' and click 'Sign in'. 5. Now type dpo@cmp.local with the correct password SeedPassw0rd!2026 and click 'Sign in'. | L4: 1. The form is not sent. Under 'Email or username' the message 'Enter your email address or username' appears, and under 'Password' the message 'Enter your password' appears. 2. You stay on the 'Sign in' page. A red banner above the fields reads 'Those credentials are not valid'. No code page is shown. 3. The same red banner 'Those credentials are not valid' appears. The message does not say that the account does not exist. 4. The same red banner 'Those credentials are not valid' appears. A data principal cannot sign in to the console. 5. The 'Verify it is you' code page appears, showing that the earlier failures did not block a correct sign-in. (You can click 'Start over' to stop here.) | M4: Every failed sign-in shows the same message 'Those credentials are not valid', whatever the reason, and the correct password still reaches the code step. | P4: Not run
A5: ACC-04 | B5: Access and accounts | C5: Refuse a wrong or replaced sign-in code on the console | D5: Staff second factor - code step | E5: DPO on console | F5: High | G5: Negative | H5: Core | I5: - A fresh private/incognito browser window with nobody signed in. - The test coordinator can read the test outbox. - No more than 3 new codes may be requested for one account in 10 minutes. | J5: - Email or username: dpo@cmp.local - Password: SeedPassw0rd!2026 - Wrong code: 000000 | K5: 1. Open http://localhost:3000/sign-in, sign in with dpo@cmp.local and SeedPassw0rd!2026 and click 'Sign in'. 2. Type 000000 into '6-digit code' and click 'Verify and continue'. 3. Ask the test coordinator for the code sent to dpo@cmp.local (from the test outbox) and write it down as Code A. Do not enter it yet. Click 'Send a new code'. 4. Type Code A into '6-digit code' and click 'Verify and continue'. 5. Click 'Start over'. 6. Sign in again with dpo@cmp.local and SeedPassw0rd!2026, ask the test coordinator for the newest code sent to dpo@cmp.local (from the test outbox), type it and click 'Verify and continue'. | L5: 1. The 'Verify it is you' page appears. 2. You stay on the code page. A red banner reads 'Invalid or expired code'. 3. The link briefly reads 'Sending…', then a blue banner reads 'A new code has been sent. The previous one no longer works.' The code box is emptied. 4. The old code is refused with the red banner 'Invalid or expired code'. 5. You are back on the 'Sign in' page with the password form. 6. The newest code is accepted and the Dashboard opens with 'Good day, Priya'. | M5: A wrong code and a code replaced by 'Send a new code' are both refused with 'Invalid or expired code', and only the latest code signs the user in. | P5: Not run
A6: ACC-05 | B6: Access and accounts | C6: Lock a staff account after five wrong passwords | D6: Staff sign-in - account lockout | E6: R&D User on console | F6: Medium | G6: Negative | H6: Core | I6: - Agree with the test coordinator before running: this locks rnd@cmp.local for about 30 minutes, so nobody else may need that account during that time. - A fresh private/incognito browser window with nobody signed in. - Nobody has signed in to rnd@cmp.local successfully and nobody has failed a sign-in to it in the last 30 minutes. | J6: - Email or username: rnd@cmp.local (Kavya Rao, R&D User) - Wrong password: NotThePassword!9 - Correct password: SeedPassw0rd!2026 | K6: 1. Open http://localhost:3000/sign-in. Type rnd@cmp.local and NotThePassword!9 and click 'Sign in'. 2. Repeat the same wrong attempt three more times (attempts 2, 3 and 4). 3. Make a fifth attempt with the same wrong password. 4. Now type the correct password SeedPassw0rd!2026 for rnd@cmp.local and click 'Sign in'. 5. Wait until the 30-minute lock has passed (or ask the test coordinator to confirm it has expired), then sign in with rnd@cmp.local and SeedPassw0rd!2026. | L6: 1. Red banner: 'Those credentials are not valid'. 2. Each time the red banner reads 'Those credentials are not valid'. 3. The red banner still reads 'Those credentials are not valid' (the lock is set now, but this answer does not reveal it). 4. Sign-in is refused even with the correct password. The red banner reads 'Too many failed attempts. Try again later. Try again in about 30 minutes.' (the number of minutes may be slightly lower). No code page is shown. 5. The 'Verify it is you' code page appears; the lock has lifted by itself without an administrator. | M6: After five wrong passwords the account refuses even the correct password with a 'Too many failed attempts' message for about 30 minutes, and then works again on its own. | P6: Not run
A7: ACC-06 | B7: Access and accounts | C7: Sign out of the console and confirm the session has ended | D7: Staff sign-out | E7: DCO Admin on console | F7: High | G7: Positive | H7: Core | I7: - Signed in to the console as dcoadmin@cmp.local (Nikhil Bose) using the password and code, in a private/incognito window. | J7: - Account: dcoadmin@cmp.local / SeedPassw0rd!2026 | K7: 1. Check the header after signing in. 2. Click 'Data sources' in the sidebar. 3. Click 'Sign out' at the bottom of the sidebar. 4. Click the browser's Back button. 5. Type http://localhost:3000/dashboard into the address bar and press Enter. | L7: 1. The Dashboard shows 'Good day, Nikhil' and the header shows 'Nikhil Bose' with the role badge 'DCO Admin'. 2. The Data sources page opens. 3. You are taken to the 'Sign in' page. 4. The Data sources page is not shown again with data; you end up on the 'Sign in' page. 5. You are sent to the 'Sign in' page (the address now contains 'next='), not to the dashboard. | M7: After 'Sign out' no console page can be reached again by the Back button or a typed address without signing in again. | P7: Not run
A8: ACC-07 | B8: Access and accounts | C8: Follow a link while signed out and return to it after sign-in | D8: Console sign-in redirects | E8: DPO on console | F8: Medium | G8: Positive | H8: Core | I8: - A fresh private/incognito browser window with nobody signed in. - The test coordinator can read the test outbox. | J8: - Account: dpo@cmp.local / SeedPassw0rd!2026 - Link to follow: http://localhost:3000/purposes | K8: 1. Type http://localhost:3000/purposes into the address bar and press Enter. 2. Sign in with dpo@cmp.local and SeedPassw0rd!2026 and click 'Sign in'. 3. Enter the code the test coordinator gives you for dpo@cmp.local (from the test outbox) and click 'Verify and continue'. 4. While still signed in, type http://localhost:3000/sign-in into the address bar and press Enter. 5. In the same window, open http://localhost:3001/my-consents (the data principal portal). 6. Click 'Go to the staff console'. 7. Click 'Sign out' in the sidebar. Then type http://localhost:3000/sign-in/verify into the address bar and press Enter. | L8: 1. No Purposes data is shown. You are taken to the 'Sign in' page and the address contains 'next=' followed by '/purposes' (shown as %2Fpurposes). 2. The 'Verify it is you' page appears and its address still carries 'next=' for purposes. 3. You land directly on the page headed 'Purposes', not on the Dashboard. 4. The sign-in form does not stay on screen; you are sent straight to the Dashboard ('Good day, Priya'). 5. The portal shows a page headed 'This portal is for data principals' with the text 'You are signed in as Priya Menon, a staff account. Your console is a separate site.' and the buttons 'Go to the staff console' and 'Sign out'. 6. The console opens and shows the Dashboard, still signed in. 7. With no sign-in in progress, the code page does not stay on screen; you are taken to the 'Sign in' page. | M8: A signed-out link leads to sign-in and then back to the page asked for; a signed-in user is never shown the sign-in form again, and the portal tells a staff session where it belongs. | P8: Not run
A9: ACC-08 | B9: Access and accounts | C9: Add a personal email and end another session from My profile | D9: Staff account page (My profile) | E9: R&D User on console | F9: Medium | G9: Positive | H9: Core | I9: - rnd@cmp.local is not locked (ACC-05 not run in the last 30 minutes). - Two separate browsers (for example Chrome and Edge, or a normal and a private window) are available. - The test coordinator can read the test outbox. | J9: - Account: rnd@cmp.local (Kavya Rao) / SeedPassw0rd!2026 - Personal email to add: tester01-kavya@example.org (make it unique if already used) | K9: 1. In browser 1, sign in to http://localhost:3000 as rnd@cmp.local with the password and code. Click your name at the top right to open the account menu, then click 'My profile'. 2. On the 'Contacts' tab, look at the 'Work email' row. 3. In the 'Personal email' row, click 'Add' (or 'Change' if one is already there). Type tester01-kavya@example.org in the 'Personal email' box and click 'Save and send a code'. 4. Type 000000 into 'Six-digit code' and click 'Confirm'. 5. Ask the test coordinator for the code sent to tester01-kavya@example.org (from the test outbox). Replace the digits with it and click 'Confirm'. 6. In browser 2, sign in to http://localhost:3000 as rnd@cmp.local with the password and a new code. Go back to browser 1 and refresh the 'My profile' page and click the 'Active sessions' tab. 7. In browser 1, click 'End session' on the other session. 8. In browser 2, click any sidebar item (for example 'My projects'). | L9: 1. The page 'My profile' opens with three tabs - 'Contacts' (selected), 'Active sessions' with a count, and 'Password' - and the 'Identity' card beside them. Identity shows Name 'Kavya Rao' (with a 'Change' button beside it), Role 'R&D User', Status 'Active' and a 'Session expires' time about 8 hours from now. 2. It shows rnd@cmp.local with a 'Confirmed' badge. It has no 'Change', 'Add' or 'Remove' button. 3. A green toast 'Saved' says 'We have sent a code to tester01-kavya@example.org.' The row shows the address with a 'Not confirmed' badge and a 'Six-digit code' box with 'Confirm' and 'Later' buttons. 4. A red message 'Invalid or expired code' appears in the row; the address stays 'Not confirmed'. 5. A green toast 'Confirmed' says 'tester01-kavya@example.org can now sign you in.' The row now shows a 'Confirmed' badge. 6. The tab's count is 2 or more, and a table lists the sessions with 'Device' (for example 'Chrome on Windows'), 'Address', 'Last active' and 'Expires'. The one for browser 1 is marked 'this device' and has no button; the other has an 'End session' button. 'End all other sessions' is shown above the table. 7. A green toast 'Session ended' appears; that row disappears from the table and the tab's count drops to 1. 8. Browser 2 is sent to the 'Sign in' page: its session was ended from browser 1. | M9: A member of staff can add and confirm a personal email with the code sent to it, cannot edit the work email, and can end another of their own sessions from the 'Active sessions' tab. | P9: Not run
A10: ACC-09 | B10: Access and accounts | C10: Create a new data principal account with mobile and email | D10: Portal sign-up | E10: New data principal on portal | F10: High | G10: Positive | H10: S2-01 | I10: - The portal is running at http://localhost:3001. - A fresh private/incognito browser window with nobody signed in. - The mobile and email below have never been registered (make up new ones if needed). - The test coordinator can read the test outbox. | J10: - Full name: Tester One - Mobile number: +91 98111 22301 (made up; form +91 98xxx xxxxx) - Email address: tester01@example.org - Date of birth: 15 August 1990 - Wrong codes: 000000 and 000000 | K10: 1. Open http://localhost:3001. On the 'Sign in' page, click 'Create an account'. 2. Read the hint under 'Date of birth'. 3. Fill in Full name 'Tester One', Mobile number '+91 98111 22301', Email address 'tester01@example.org' and Date of birth 15 August 1990. Click 'Create account'. 4. Type 000000 in both code boxes and click 'Confirm and sign in'. 5. Ask the test coordinator for the code sent to +91 98111 22301 and the code sent to tester01@example.org (both from the test outbox). Replace the digits in each box with the matching code and click 'Confirm and sign in'. 6. Look at the header and the sidebar. 7. Click your name at the top right to open the account menu, then click 'My profile'. | L10: 1. The page 'Create your account' opens with the text 'For people whose data is being collected. Staff accounts are issued by your administrator.' It has the fields 'Full name', 'Mobile number', 'Email address' (marked optional in its hint) and 'Date of birth', and a 'Create account' button. 2. It reads 'The law protects people under 18 differently, so we ask before an account is opened.' It does not mention a parent or guardian. 3. The page 'Confirm your contacts' opens with the text 'If those details are new to us, a code has gone to your mobile and another to your email. Enter both.' It shows 'Code sent to your mobile' (with the mobile number under it), 'Code sent to your email' (with the email under it) and a 'Confirm and sign in' button. 4. You stay on the page. A red banner reads 'Invalid or expired code'. 5. Both codes are accepted even though a wrong pair was tried first. You are signed in and land on the page headed 'My consents'. 6. The header shows 'Tester One' with the role badge 'Data Subject'. The sidebar shows 'My consents', 'My requests', 'My nominations', 'Updates' and 'Sign out'; 'My profile' is in the account menu under the name. There is no 'We need your date of birth' notice. 7. 'My profile' opens. Identity shows Name 'Tester One' (with a 'Change' button beside it), Mobile and Email as entered, Role 'Data Subject', Status 'Active' and Date of birth 15 Aug 1990 (no under-18 badge). In Contacts, the mobile and email both show 'Confirmed'. | M10: A new adult can register with a mobile, an optional email and a date of birth, must confirm every contact given with its own code, and is then signed in to 'My consents'. | P10: Not run
A11: ACC-10 | B11: Access and accounts | C11: Refuse sign-up for a person under 18 with no guardian route | D11: Portal sign-up - age check | E11: New data principal on portal | F11: High | G11: Negative | H11: S2-01 | I11: - A fresh private/incognito browser window with nobody signed in. - The mobile below has never been registered. - The test coordinator can read the test outbox. | J11: - Full name: Minor Tester - Mobile number: +91 98111 22302 (made up) - Email address: leave empty - Date of birth: a date less than 18 years before today, e.g. 10 May 2012 - Boundary check: the day after today's date 18 years ago (e.g. if today is 24 Sep 2026, use 25 Sep 2008) | K11: 1. Open http://localhost:3001/sign-up. Fill in Full name 'Minor Tester', Mobile number '+91 98111 22302', leave Email address empty, and set Date of birth to 10 May 2012. Click 'Create account'. 2. Read the whole page, including the message and the hints. 3. Change Date of birth to the boundary date (one day short of 18 years ago) and click 'Create account' again. 4. Click 'Sign in' at the bottom of the page. On the 'Sign in' page keep 'Mobile' selected, type +91 98111 22302 in 'Mobile number' and click 'Send me a code'. 5. Ask the test coordinator to check the test outbox for any message to +91 98111 22302. | L11: 1. No account is created and you stay on 'Create your account'. A red message says the person cannot be registered because they are under eighteen. The expected wording is 'We cannot register or record consent for a person under eighteen. If you think your date of birth is wrong, contact the Privacy Office.' 2. Nothing on the page offers a parent, guardian or 'register on behalf of a child' option; the 'Confirm your contacts' step is not shown. 3. The same refusal is shown: a person one day short of 18 is still refused. 4. The page shows 'Check your messages' and 'If +91 98111 22302 is registered with us, a six-digit code is on its way.' (the same neutral wording as for any number). 5. The coordinator confirms that no registration code and no sign-in code was sent to that number: no account exists for it. | M11: A date of birth under 18 is refused at sign-up with a message that offers no guardian route, and no account or code is created for that mobile. | P11: Not run
A12: ACC-11 | B12: Access and accounts | C12: Reject a future date of birth and badly formed details at sign-up | D12: Portal sign-up - field checks | E12: New data principal on portal | F12: Medium | G12: Negative | H12: S2-01 | I12: - A fresh private/incognito browser window with nobody signed in. | J12: - Mobile with letters: 98abc12345 - Badly formed email: tester01@ - Future date of birth: 1 January 2030 (type it if the calendar will not let you pick it) - Valid values for the rest: Full name 'Tester Two', Mobile '+91 98111 22303' | K12: 1. Open http://localhost:3001/sign-up and click 'Create account' without filling anything in. 2. Type 'Tester Two' in 'Full name', '98abc12345' in 'Mobile number' and 'tester01@' in 'Email address'. Click 'Create account'. 3. Correct the mobile to '+91 98111 22303' and clear 'Email address'. Type 1 January 2030 into 'Date of birth' and click 'Create account'. 4. Type today's date into 'Date of birth' and click 'Create account'. 5. Click 'Sign in' at the bottom of the page without submitting further. | L12: 1. Nothing is sent. Messages appear under the fields: 'Enter your full name', 'A mobile number is required' and 'Enter your date of birth'. 'Email address' shows no error because it is optional. 2. Under 'Mobile number': 'A mobile number may contain digits, spaces, dashes and a leading +'. Under 'Email address': 'That does not look like an email address'. 3. Under 'Date of birth': 'Date of birth must be in the past'. The page stays on 'Create your account'. 4. The same message 'Date of birth must be in the past' appears; today is not accepted. 5. The portal 'Sign in' page opens; no account was created for +91 98111 22303 (the coordinator can confirm no code was written for it in the test outbox). | M12: Sign-up will not proceed with missing details, a malformed mobile or email, or a date of birth that is today or in the future, and each problem is named under its own field. | P12: Not run
A13: ACC-12 | B13: Access and accounts | C13: Stop sign-up with a mobile or email that is already registered | D13: Portal sign-up - contact already registered | E13: New data principal on portal | F13: Medium | G13: Negative | H13: Core | I13: - A fresh private/incognito browser window with nobody signed in. - The seeded data principal Anjali Verma exists with mobile +91 90000 00001 and email subject@cmp.local. | J13: - Taken mobile: +91 90000 00001 - Taken email: subject@cmp.local - New mobile for the email check: +91 98111 22304 (made up) - Date of birth: 1 March 1985 | K13: 1. Open http://localhost:3001/sign-up. Fill in Full name 'Tester Three', Mobile number '+91 90000 00001', leave Email address empty, Date of birth 1 March 1985. Click 'Create account'. 2. Check the notice for a link. 3. Change Mobile number to '+91 98111 22304', type 'subject@cmp.local' in Email address and click 'Create account'. 4. Click 'Sign in with this email'. | L13: 1. You stay on 'Create your account'. A yellow notice titled 'That mobile is already registered' says 'If it is yours, sign in with it - there is no password, we send a code. Otherwise change it below.' Under 'Mobile number' the message reads 'An account already exists with this mobile. Sign in with it instead, or use a different mobile.' 2. The notice has a link 'Sign in with this mobile'. The 'Confirm your contacts' step is not shown. 3. The notice now reads 'That email is already registered' with a link 'Sign in with this email', and the message under 'Email address' reads 'An account already exists with this email. Sign in with it instead, or use a different email.' 4. The portal 'Sign in' page opens with 'Email' selected under 'Sign in with' and subject@cmp.local already filled in the 'Email address' box. (Do not click 'Send me a code' unless you intend to sign in as Anjali.) | M13: Sign-up refuses a mobile or email that already belongs to an account, says which one on its field, and offers sign-in with that contact filled in. | P13: Not run
... A157: OVS-22 | B157: Oversight and audit | C157: The help manual opens from the sign-in page, the header and the command palette, and follows your role | D157: Help manual (console and portal) | E157: Anyone on console and portal; DCO on console | F157: Medium | G157: Positive | H157: Core | I157: - Use a fresh private/incognito browser window in which nobody is signed in to the console or the portal (both sites share one sign-in on this machine). - The test coordinator can read the test outbox and relay the six-digit sign-in code. | J157: - Account: dco@cmp.local (Arun Shetty) - Search word: export | K157: 1. Open http://localhost:3000/sign-in and click 'Read the help manual' under the form ('New here, or stuck?'). 2. In the table of contents click '16 Rights requests'. 3. Type 'export' in 'Search the manual'. 4. Scroll to the end of the manual. 5. Sign in to the console as dco@cmp.local (SeedPassw0rd!2026 and the relayed code). Click the help (?) button in the header. 6. Choose 'Every role' in the role box. Then click 'Back to where you were', press Ctrl+K (⌘K) and choose 'Open the help manual'. 7. Open http://localhost:3001/sign-in and click 'Help manual' next to 'Your rights and how to exercise them'. 8. Narrow the browser window to phone width (or use a phone) and look at the portal manual. | L157: 1. The page 'COMPASS CMP Manual' opens without signing in, with a search box, an 'Every role' choice, '26 sections', a numbered 'Table of contents' and a 'Sign in' button at the top right. 2. The page scrolls to section 16 'Rights requests', whose badges read 'DPO' and 'Administrator'. Its numbered steps show the screen's own words in grey label boxes, for example 'Confirm classification'. 3. Only sections that mention exports remain, and the line under the box reads '8 of 26 sections mentioning “export”' (Exports, Purposes, Processors, the audit trail and others). Clicking the × clears it. 4. A panel 'Have any questions? Contact us' shows the Privacy Office's email address and response time, and says to ask your administrator about sign-in or role problems. 5. The manual opens already set to 'For the DCO', reading '15 of 26 sections for the DCO'. Section numbers keep their places (for example 8, 12, 13, 14). The top-right button now reads 'Back to where you were'. 6. 'Every role' shows all 26 sections, among them '17 Incidents and personal data breaches', '18 If you were given a login for a ticket' and '19 My tasks'. The role box also offers 'For the Temporary ticket holder'. The command palette opens the manual again. 7. The page 'Consent Portal Manual' opens without signing in, with 17 sections written for data principals (creating an account, giving consent through a link, withdrawing, requests, nominations, breach notices and ticket links) and no role choice. 8. The table of contents folds into a 'Table of contents · 17' bar above the sections; opening it lists them. Nothing is cut off at the side. | M157: Both manuals open without signing in and from the places that link to them; the console manual follows the reader's role and can show every section; search narrows the sections; the manual ends with the Privacy Office's contact. | P157: Not run

Sheet Test Steps
A1: Case ID | B1: Case title | C1: Step | D1: Action | E1: Expected result | F1: Step result | G1: Actual / notes
A2: ACC-01 | B2: Sign in to the console with password and email code | C2: 1 | D2: Open http://localhost:3000 in the browser. | E2: You are taken to the page headed 'Sign in' with the text 'Sign in with your password, then the code sent to your email.' It shows the fields 'Email or username' and 'Password', a 'Sign in' button, a 'Forgotten your password?' link and, at the bottom, the links 'Read the help manual' and 'Go to the consent portal'. In this test environment (development codes switched on) a folded panel 'Development accounts (<n>)' also sits under 'Forgotten your password?': opened, it lists the seed logins still on the seed password, each with a 'Use' button that fills the form. It is for development only - do not use it in this case; type the details.
A3: ACC-01 | B3: Sign in to the console with password and email code | C3: 2 | D3: Type dpo@cmp.local in 'Email or username' and SeedPassw0rd!2026 in 'Password', then click 'Sign in'. | E3: The page changes to 'Verify it is you' with the text 'Your role requires a second factor. We have sent a 6-digit code to your registered email.' There is a '6-digit code' box, a 'Verify and continue' button, a 'Send a new code' link and a 'Start over' link.
A4: ACC-01 | B4: Sign in to the console with password and email code | C4: 3 | D4: Without typing a code, look at the 'Verify and continue' button. Then type only 3 digits into '6-digit code'. | E4: 'Verify and continue' stays greyed out (disabled) until exactly six digits are entered. Letters typed into the box are ignored.
A5: ACC-01 | B5: Sign in to the console with password and email code | C5: 4 | D5: Ask the test coordinator for the code sent to dpo@cmp.local (from the test outbox). Clear the box, type the six-digit code into '6-digit code' and click 'Verify and continue'. Do this within 5 minutes of step 2. | E5: You are signed in and land on the Dashboard. The page heading reads 'Good day, Priya', and beside it are the buttons 'Log an incident' and 'New notice template'.
A6: ACC-01 | B6: Sign in to the console with password and email code | C6: 5 | D6: Look at the top right of the header. | E6: The header shows the name 'Priya Menon' with a 'DPO' role badge and the initials 'PM'.
A7: ACC-01 | B7: Sign in to the console with password and email code | C7: 6 | D7: Look at the left-hand sidebar. | E7: The sidebar starts with the group 'Your work' - 'Dashboard', 'Rights requests', 'Breaches', 'My tasks', 'Projects', 'Notices' - followed by the groups Governance, Consent, Registry, Data movement and Oversight. Under Oversight there are 'Audit trail', 'Users', 'Delegations' and 'Message templates'. 'My profile' is not in the sidebar (it is in the account menu under your name at the top right), and notifications open from the bell in the header. A 'Sign out' button is at the bottom of the sidebar.
A8: ACC-02 | B8: Check each staff role lands on its own dashboard and menu | C8: 1 | D8: Open http://localhost:3000/sign-in. Type dco@cmp.local in 'Email or username' and SeedPassw0rd!2026 in 'Password' and click 'Sign in'. | E8: The 'Verify it is you' page appears: the DCO also needs the second factor.
A9: ACC-02 | B9: Check each staff role lands on its own dashboard and menu | C9: 2 | D9: Ask the test coordinator for the code sent to dco@cmp.local (from the test outbox), type it into '6-digit code' and click 'Verify and continue'. | E9: The Dashboard opens with the heading 'Good day, Arun'. The header shows 'Arun Shetty' with the role badge 'Data Collection Owner'. No 'Log an incident', 'Register a project' or 'Provision an account' button is shown beside the heading: a collection role starts nothing from the dashboard.
A10: ACC-02 | B10: Check each staff role lands on its own dashboard and menu | C10: 3 | D10: Read the sidebar menu from top to bottom. | E10: The menu shows exactly: Your work - Dashboard, My projects, Collection sites, Consent links, My tasks, Collections; Consent - Consents; Registry - Data sources; Data movement - Exports, Imports; Oversight - Delegations. There is no 'Approval documents', 'Notices', 'Purposes', 'Audit trail', 'Users' or 'Message templates'.
A11: ACC-02 | B11: Check each staff role lands on its own dashboard and menu | C11: 4 | D11: In the address bar, open http://localhost:3000/users. | E11: The users register is not shown. The sidebar stays, and the page shows a notice titled 'Not part of your account' reading 'This section belongs to a different role, so there is nothing here for you.' with a 'Back to your dashboard' button.
A12: ACC-02 | B12: Check each staff role lands on its own dashboard and menu | C12: 5 | D12: Click 'Sign out' at the bottom of the sidebar. | E12: You are returned to the 'Sign in' page.
A13: ACC-02 | B13: Check each staff role lands on its own dashboard and menu | C13: 6 | D13: Sign in as admin@cmp.local with SeedPassw0rd!2026, then enter the code the test coordinator gives you for admin@cmp.local (from the test outbox) and click 'Verify and continue'. | E13: The Dashboard opens with the heading 'Good day, System'. The header shows 'System Admin' with the role badge 'Administrator'. A 'Provision an account' button sits beside the heading.
... A1309: OVS-22 | B1309: The help manual opens from the sign-in page, the header and the command palette, and follows your role | C1309: 8 | D1309: Narrow the browser window to phone width (or use a phone) and look at the portal manual. | E1309: The table of contents folds into a 'Table of contents · 17' bar above the sections; opening it lists them. Nothing is cut off at the side.

Sheet Defect Log
A1: Defect ID | B1: Test case | C1: Step | D1: Title | E1: Severity | F1: Steps to reproduce | G1: Expected | H1: Actual | I1: Screenshot | J1: Raised by | K1: Date raised | L1: Status | M1: Resolution / notes
A2: DEF-000 (example) | B2: REG-05 | C2: 4 | D2: Processor edit toast has the wrong wording | E2: Low | F2: 1. Sign in as dpo@cmp.local. 2. Processors > Edit on UAT Lab 07. 3. Change Country to IN. 4. Save changes. | G2: Toast "Processor updated" | H2: Toast "Saved" | I2: DEF-000.png | J2: Tester 07 | K2: 25-Sep-2026 | L2: Open | M2: Example row - delete or overwrite

Sheet Accounts
A1: Person | B1: Sign in as | C1: Role | D1: Where | E1: What they do
A2: Priya Menon | B2: dpo@cmp.local | C2: DPO (Data Protection Officer) | D2: Console | E2: Runs the Privacy Office: purposes, notices, approvals, rights requests, audit, legal holds, restricted countries.
A3: System Admin | B3: admin@cmp.local | C3: Administrator | D3: Console | E3: Creates staff accounts and sets roles; reviews grievances about the DPO.
A4: Kavya Rao | B4: rnd@cmp.local | C4: R&D User | D4: Console | E4: Registers research projects, brings the notice, submits for approval.
A5: Nikhil Bose | B5: dcoadmin@cmp.local | C5: DCO Admin | D5: Console | E5: Routes approved third-party projects: assigns data sources and a DCO.
A6: Arun Shetty | B6: dco@cmp.local | C6: DCO (Data Collection Owner) | D6: Console | E6: Runs collection sites: consent links, exports, imports.
A7: Meera Iyer | B7: rco@cmp.local | C7: RCO (R&D Collection Owner) | D7: Console | E7: Runs in-house collection; answers rights tickets addressed to in-house teams.
A8: Anjali Verma | B8: subject@cmp.local / +91 90000 00001 | C8: Data principal | D8: Portal | E8: Gives and withdraws consent, raises rights requests. No password - one-time code.
A10: Staff password | B10: SeedPassw0rd!2026 (test environment only)
